TIMESTAMP,Stock,CONTRACTS,vol_norm_mean,token,Series,lotsize,companyName
2022-03-08,AARTIIND,1231,1306328.0,35080,FUTSTK,850,AARTIIND22APRFUT
2022-03-08,AARTIIND,1231,1306328.0,43662,FUTSTK,850,AARTIIND22MAYFUT
2022-03-08,AARTIIND,1231,1306328.0,57920,FUTSTK,850,AARTIIND22MARFUT
2022-03-08,ABB,414,115142.0,35093,FUTSTK,250,ABB22MARFUT
2022-03-08,ABB,414,115142.0,35792,FUTSTK,250,ABB22APRFUT
2022-03-08,ABB,414,115142.0,43675,FUTSTK,250,ABB22MAYFUT
2022-03-08,ABBOTINDIA,597,16425.0,35793,FUTSTK,25,ABBOTINDIA22APRFUT
2022-03-08,ABBOTINDIA,597,16425.0,43677,FUTSTK,25,ABBOTINDIA22MAYFUT
2022-03-08,ABBOTINDIA,597,16425.0,57921,FUTSTK,25,ABBOTINDIA22MARFUT
2022-03-08,ABCAPITAL,811,4440857.0,35794,FUTSTK,4400,ABCAPITAL22APRFUT
2022-03-08,ABCAPITAL,811,4440857.0,43678,FUTSTK,4400,ABCAPITAL22MAYFUT
2022-03-08,ABCAPITAL,811,4440857.0,57924,FUTSTK,4400,ABCAPITAL22MARFUT
2022-03-08,ABFRL,1365,4487971.0,35795,FUTSTK,2600,ABFRL22APRFUT
2022-03-08,ABFRL,1365,4487971.0,43684,FUTSTK,2600,ABFRL22MAYFUT
2022-03-08,ABFRL,1365,4487971.0,57925,FUTSTK,2600,ABFRL22MARFUT
2022-03-08,ACC,2722,916218.0,35871,FUTSTK,250,ACC22APRFUT
2022-03-08,ACC,2722,916218.0,43685,FUTSTK,250,ACC22MAYFUT
2022-03-08,ACC,2722,916218.0,57926,FUTSTK,250,ACC22MARFUT
2022-03-08,ADANIENT,6830,3429642.0,35873,FUTSTK,500,ADANIENT22APRFUT
2022-03-08,ADANIENT,6830,3429642.0,43688,FUTSTK,500,ADANIENT22MAYFUT
2022-03-08,ADANIENT,6830,3429642.0,57927,FUTSTK,500,ADANIENT22MARFUT
2022-03-08,ADANIPORTS,4227,7125892.0,35874,FUTSTK,1250,ADANIPORTS22APRFUT
2022-03-08,ADANIPORTS,4227,7125892.0,43689,FUTSTK,1250,ADANIPORTS22MAYFUT
2022-03-08,ADANIPORTS,4227,7125892.0,57928,FUTSTK,1250,ADANIPORTS22MARFUT
2022-03-08,ALKEM,441,112971.0,35876,FUTSTK,200,ALKEM22APRFUT
2022-03-08,ALKEM,441,112971.0,43704,FUTSTK,200,ALKEM22MAYFUT
2022-03-08,ALKEM,441,112971.0,57929,FUTSTK,200,ALKEM22MARFUT
2022-03-08,AMARAJABAT,1565,1436285.0,35877,FUTSTK,1000,AMARAJABAT22APRFUT
2022-03-08,AMARAJABAT,1565,1436285.0,43705,FUTSTK,1000,AMARAJABAT22MAYFUT
2022-03-08,AMARAJABAT,1565,1436285.0,57930,FUTSTK,1000,AMARAJABAT22MARFUT
2022-03-08,AMBUJACEM,3857,7464482.0,35878,FUTSTK,1500,AMBUJACEM22APRFUT
2022-03-08,AMBUJACEM,3857,7464482.0,43706,FUTSTK,1500,AMBUJACEM22MAYFUT
2022-03-08,AMBUJACEM,3857,7464482.0,57931,FUTSTK,1500,AMBUJACEM22MARFUT
2022-03-08,APLLTD,1760,526200.0,35879,FUTSTK,700,APLLTD22APRFUT
2022-03-08,APLLTD,1760,526200.0,43707,FUTSTK,700,APLLTD22MAYFUT
2022-03-08,APLLTD,1760,526200.0,57932,FUTSTK,700,APLLTD22MARFUT
2022-03-08,APOLLOHOSP,3385,868953.0,35880,FUTSTK,125,APOLLOHOSP22APRFUT
2022-03-08,APOLLOHOSP,3385,868953.0,43708,FUTSTK,125,APOLLOHOSP22MAYFUT
2022-03-08,APOLLOHOSP,3385,868953.0,57933,FUTSTK,125,APOLLOHOSP22MARFUT
2022-03-08,APOLLOTYRE,3956,7865714.0,35881,FUTSTK,2500,APOLLOTYRE22APRFUT
2022-03-08,APOLLOTYRE,3956,7865714.0,43709,FUTSTK,2500,APOLLOTYRE22MAYFUT
2022-03-08,APOLLOTYRE,3956,7865714.0,57934,FUTSTK,2500,APOLLOTYRE22MARFUT
2022-03-08,ASHOKLEY,5945,21674089.0,35882,FUTSTK,4500,ASHOKLEY22APRFUT
2022-03-08,ASHOKLEY,5945,21674089.0,43717,FUTSTK,4500,ASHOKLEY22MAYFUT
2022-03-08,ASHOKLEY,5945,21674089.0,57935,FUTSTK,4500,ASHOKLEY22MARFUT
2022-03-08,ASIANPAINT,12848,1557450.0,35883,FUTSTK,150,ASIANPAINT22APRFUT
2022-03-08,ASIANPAINT,12848,1557450.0,43731,FUTSTK,150,ASIANPAINT22MAYFUT
2022-03-08,ASIANPAINT,12848,1557450.0,57936,FUTSTK,150,ASIANPAINT22MARFUT
2022-03-08,ASTRAL,782,336167.0,35884,FUTSTK,275,ASTRAL22APRFUT
2022-03-08,ASTRAL,782,336167.0,43732,FUTSTK,275,ASTRAL22MAYFUT
2022-03-08,ASTRAL,782,336167.0,57937,FUTSTK,275,ASTRAL22MARFUT
2022-03-08,ATUL,698,46917.0,36120,FUTSTK,75,ATUL22APRFUT
2022-03-08,ATUL,698,46917.0,43733,FUTSTK,75,ATUL22MAYFUT
2022-03-08,ATUL,698,46917.0,57938,FUTSTK,75,ATUL22MARFUT
2022-03-08,AUBANK,4353,1875937.0,36121,FUTSTK,500,AUBANK22APRFUT
2022-03-08,AUBANK,4353,1875937.0,43740,FUTSTK,500,AUBANK22MAYFUT
2022-03-08,AUBANK,4353,1875937.0,57939,FUTSTK,500,AUBANK22MARFUT
2022-03-08,AUROPHARMA,4044,1889892.0,36132,FUTSTK,750,AUROPHARMA22APRFUT
2022-03-08,AUROPHARMA,4044,1889892.0,43742,FUTSTK,750,AUROPHARMA22MAYFUT
2022-03-08,AUROPHARMA,4044,1889892.0,57940,FUTSTK,750,AUROPHARMA22MARFUT
2022-03-08,AXISBANK,23883,17817085.0,36133,FUTSTK,1200,AXISBANK22APRFUT
2022-03-08,AXISBANK,23883,17817085.0,43743,FUTSTK,1200,AXISBANK22MAYFUT
2022-03-08,AXISBANK,23883,17817085.0,57941,FUTSTK,1200,AXISBANK22MARFUT
2022-03-08,BAJAJ-AUTO,3405,771071.0,36134,FUTSTK,250,BAJAJ-AUTO22APRFUT
2022-03-08,BAJAJ-AUTO,3405,771071.0,43744,FUTSTK,250,BAJAJ-AUTO22MAYFUT
2022-03-08,BAJAJ-AUTO,3405,771071.0,57942,FUTSTK,250,BAJAJ-AUTO22MARFUT
2022-03-08,BAJAJFINSV,7906,333885.0,36135,FUTSTK,50,BAJAJFINSV22APRFUT
2022-03-08,BAJAJFINSV,7906,333885.0,43745,FUTSTK,50,BAJAJFINSV22MAYFUT
2022-03-08,BAJAJFINSV,7906,333885.0,57943,FUTSTK,50,BAJAJFINSV22MARFUT
2022-03-08,BAJFINANCE,22034,1863589.0,36136,FUTSTK,125,BAJFINANCE22APRFUT
2022-03-08,BAJFINANCE,22034,1863589.0,43746,FUTSTK,125,BAJFINANCE22MAYFUT
2022-03-08,BAJFINANCE,22034,1863589.0,57944,FUTSTK,125,BAJFINANCE22MARFUT
2022-03-08,BALKRISIND,2417,419576.0,36137,FUTSTK,200,BALKRISIND22APRFUT
2022-03-08,BALKRISIND,2417,419576.0,43750,FUTSTK,200,BALKRISIND22MAYFUT
2022-03-08,BALKRISIND,2417,419576.0,57945,FUTSTK,200,BALKRISIND22MARFUT
2022-03-08,BALRAMCHIN,4155,4818868.0,36138,FUTSTK,1600,BALRAMCHIN22APRFUT
2022-03-08,BALRAMCHIN,4155,4818868.0,43751,FUTSTK,1600,BALRAMCHIN22MAYFUT
2022-03-08,BALRAMCHIN,4155,4818868.0,57948,FUTSTK,1600,BALRAMCHIN22MARFUT
2022-03-08,BANDHANBNK,4210,8737971.0,36139,FUTSTK,1800,BANDHANBNK22APRFUT
2022-03-08,BANDHANBNK,4210,8737971.0,43752,FUTSTK,1800,BANDHANBNK22MAYFUT
2022-03-08,BANDHANBNK,4210,8737971.0,57949,FUTSTK,1800,BANDHANBNK22MARFUT
2022-03-08,BANKBARODA,7007,61289614.0,36140,FUTSTK,11700,BANKBARODA22APRFUT
2022-03-08,BANKBARODA,7007,61289614.0,43753,FUTSTK,11700,BANKBARODA22MAYFUT
2022-03-08,BANKBARODA,7007,61289614.0,57950,FUTSTK,11700,BANKBARODA22MARFUT
2022-03-08,BATAINDIA,957,795643.0,36141,FUTSTK,550,BATAINDIA22APRFUT
2022-03-08,BATAINDIA,957,795643.0,43754,FUTSTK,550,BATAINDIA22MAYFUT
2022-03-08,BATAINDIA,957,795643.0,57951,FUTSTK,550,BATAINDIA22MARFUT
2022-03-08,BEL,2534,14194125.0,36142,FUTSTK,3800,BEL22APRFUT
2022-03-08,BEL,2534,14194125.0,43755,FUTSTK,3800,BEL22MAYFUT
2022-03-08,BEL,2534,14194125.0,57952,FUTSTK,3800,BEL22MARFUT
2022-03-08,BERGEPAINT,1404,1943896.0,36143,FUTSTK,1100,BERGEPAINT22APRFUT
2022-03-08,BERGEPAINT,1404,1943896.0,43757,FUTSTK,1100,BERGEPAINT22MAYFUT
2022-03-08,BERGEPAINT,1404,1943896.0,57953,FUTSTK,1100,BERGEPAINT22MARFUT
2022-03-08,BHARATFORG,3406,2258785.0,36398,FUTSTK,750,BHARATFORG22APRFUT
2022-03-08,BHARATFORG,3406,2258785.0,43758,FUTSTK,750,BHARATFORG22MAYFUT
2022-03-08,BHARATFORG,3406,2258785.0,57954,FUTSTK,750,BHARATFORG22MARFUT
2022-03-08,BHARTIARTL,9084,9940800.0,36399,FUTSTK,950,BHARTIARTL22APRFUT
2022-03-08,BHARTIARTL,9084,9940800.0,43759,FUTSTK,950,BHARTIARTL22MAYFUT
2022-03-08,BHARTIARTL,9084,9940800.0,57955,FUTSTK,950,BHARTIARTL22MARFUT
2022-03-08,BHEL,1794,25005000.0,36400,FUTSTK,10500,BHEL22APRFUT
2022-03-08,BHEL,1794,25005000.0,43764,FUTSTK,10500,BHEL22MAYFUT
2022-03-08,BHEL,1794,25005000.0,57956,FUTSTK,10500,BHEL22MARFUT
2022-03-08,BIOCON,3747,6812514.0,36401,FUTSTK,2300,BIOCON22APRFUT
2022-03-08,BIOCON,3747,6812514.0,43765,FUTSTK,2300,BIOCON22MAYFUT
2022-03-08,BIOCON,3747,6812514.0,57957,FUTSTK,2300,BIOCON22MARFUT
2022-03-08,BOSCHLTD,1105,36400.0,36636,FUTSTK,50,BOSCHLTD22APRFUT
2022-03-08,BOSCHLTD,1105,36400.0,43766,FUTSTK,50,BOSCHLTD22MAYFUT
2022-03-08,BOSCHLTD,1105,36400.0,57958,FUTSTK,50,BOSCHLTD22MARFUT
2022-03-08,BPCL,3245,7114114.0,36640,FUTSTK,1800,BPCL22APRFUT
2022-03-08,BPCL,3245,7114114.0,43767,FUTSTK,1800,BPCL22MAYFUT
2022-03-08,BPCL,3245,7114114.0,57959,FUTSTK,1800,BPCL22MARFUT
2022-03-08,BRITANNIA,2950,548924.0,38298,FUTSTK,200,BRITANNIA22APRFUT
2022-03-08,BRITANNIA,2950,548924.0,43768,FUTSTK,200,BRITANNIA22MAYFUT
2022-03-08,BRITANNIA,2950,548924.0,57960,FUTSTK,200,BRITANNIA22MARFUT
2022-03-08,BSOFT,2308,3121733.0,38299,FUTSTK,1300,BSOFT22APRFUT
2022-03-08,BSOFT,2308,3121733.0,43769,FUTSTK,1300,BSOFT22MAYFUT
2022-03-08,BSOFT,2308,3121733.0,57961,FUTSTK,1300,BSOFT22MARFUT
2022-03-08,CANBK,6799,25834371.0,38305,FUTSTK,5400,CANBK22APRFUT
2022-03-08,CANBK,6799,25834371.0,43772,FUTSTK,5400,CANBK22MAYFUT
2022-03-08,CANBK,6799,25834371.0,57963,FUTSTK,5400,CANBK22MARFUT
2022-03-08,CANFINHOME,877,826800.0,38306,FUTSTK,975,CANFINHOME22APRFUT
2022-03-08,CANFINHOME,877,826800.0,43774,FUTSTK,975,CANFINHOME22MAYFUT
2022-03-08,CANFINHOME,877,826800.0,57964,FUTSTK,975,CANFINHOME22MARFUT
2022-03-08,CHAMBLFERT,1881,1281642.0,38307,FUTSTK,1500,CHAMBLFERT22APRFUT
2022-03-08,CHAMBLFERT,1881,1281642.0,43775,FUTSTK,1500,CHAMBLFERT22MAYFUT
2022-03-08,CHAMBLFERT,1881,1281642.0,57965,FUTSTK,1500,CHAMBLFERT22MARFUT
2022-03-08,CHOLAFIN,3134,4714218.0,40185,FUTSTK,1250,CHOLAFIN22APRFUT
2022-03-08,CHOLAFIN,3134,4714218.0,43776,FUTSTK,1250,CHOLAFIN22MAYFUT
2022-03-08,CHOLAFIN,3134,4714218.0,57966,FUTSTK,1250,CHOLAFIN22MARFUT
2022-03-08,CIPLA,7095,2930571.0,40187,FUTSTK,650,CIPLA22APRFUT
2022-03-08,CIPLA,7095,2930571.0,43777,FUTSTK,650,CIPLA22MAYFUT
2022-03-08,CIPLA,7095,2930571.0,57967,FUTSTK,650,CIPLA22MARFUT
2022-03-08,COALINDIA,5400,27250860.0,40903,FUTSTK,4200,COALINDIA22APRFUT
2022-03-08,COALINDIA,5400,27250860.0,43779,FUTSTK,4200,COALINDIA22MAYFUT
2022-03-08,COALINDIA,5400,27250860.0,57968,FUTSTK,4200,COALINDIA22MARFUT
2022-03-08,COFORGE,3689,357362.0,40904,FUTSTK,100,COFORGE22APRFUT
2022-03-08,COFORGE,3689,357362.0,43780,FUTSTK,100,COFORGE22MAYFUT
2022-03-08,COFORGE,3689,357362.0,57969,FUTSTK,100,COFORGE22MARFUT
2022-03-08,COLPAL,1578,544700.0,40905,FUTSTK,350,COLPAL22APRFUT
2022-03-08,COLPAL,1578,544700.0,43784,FUTSTK,350,COLPAL22MAYFUT
2022-03-08,COLPAL,1578,544700.0,57970,FUTSTK,350,COLPAL22MARFUT
2022-03-08,CONCOR,1163,1085257.0,40906,FUTSTK,800,CONCOR22APRFUT
2022-03-08,CONCOR,1163,1085257.0,43787,FUTSTK,800,CONCOR22MAYFUT
2022-03-08,CONCOR,1163,1085257.0,57971,FUTSTK,800,CONCOR22MARFUT
2022-03-08,COROMANDEL,559,377500.0,42411,FUTSTK,625,COROMANDEL22APRFUT
2022-03-08,COROMANDEL,559,377500.0,43788,FUTSTK,625,COROMANDEL22MAYFUT
2022-03-08,COROMANDEL,559,377500.0,57972,FUTSTK,625,COROMANDEL22MARFUT
2022-03-08,CROMPTON,633,1348442.0,42412,FUTSTK,1100,CROMPTON22APRFUT
2022-03-08,CROMPTON,633,1348442.0,43800,FUTSTK,1100,CROMPTON22MAYFUT
2022-03-08,CROMPTON,633,1348442.0,57973,FUTSTK,1100,CROMPTON22MARFUT
2022-03-08,CUB,1544,5292414.0,42413,FUTSTK,3400,CUB22APRFUT
2022-03-08,CUB,1544,5292414.0,43802,FUTSTK,3400,CUB22MAYFUT
2022-03-08,CUB,1544,5292414.0,57974,FUTSTK,3400,CUB22MARFUT
2022-03-08,CUMMINSIND,792,817200.0,42414,FUTSTK,600,CUMMINSIND22APRFUT
2022-03-08,CUMMINSIND,792,817200.0,43803,FUTSTK,600,CUMMINSIND22MAYFUT
2022-03-08,CUMMINSIND,792,817200.0,57975,FUTSTK,600,CUMMINSIND22MARFUT
2022-03-08,DABUR,2073,3324134.0,42415,FUTSTK,1250,DABUR22APRFUT
2022-03-08,DABUR,2073,3324134.0,43810,FUTSTK,1250,DABUR22MAYFUT
2022-03-08,DABUR,2073,3324134.0,57976,FUTSTK,1250,DABUR22MARFUT
2022-03-08,DALBHARAT,1356,388896.0,42416,FUTSTK,250,DALBHARAT22APRFUT
2022-03-08,DALBHARAT,1356,388896.0,43811,FUTSTK,250,DALBHARAT22MAYFUT
2022-03-08,DALBHARAT,1356,388896.0,57977,FUTSTK,250,DALBHARAT22MARFUT
2022-03-08,DEEPAKNTR,2412,617214.0,43394,FUTSTK,250,DEEPAKNTR22APRFUT
2022-03-08,DEEPAKNTR,2412,617214.0,43812,FUTSTK,250,DEEPAKNTR22MAYFUT
2022-03-08,DEEPAKNTR,2412,617214.0,57978,FUTSTK,250,DEEPAKNTR22MARFUT
2022-03-08,DELTACORP,1606,4176471.0,43399,FUTSTK,2300,DELTACORP22APRFUT
2022-03-08,DELTACORP,1606,4176471.0,43814,FUTSTK,2300,DELTACORP22MAYFUT
2022-03-08,DELTACORP,1606,4176471.0,57982,FUTSTK,2300,DELTACORP22MARFUT
2022-03-08,DIVISLAB,3820,516971.0,43400,FUTSTK,100,DIVISLAB22APRFUT
2022-03-08,DIVISLAB,3820,516971.0,43815,FUTSTK,100,DIVISLAB22MAYFUT
2022-03-08,DIVISLAB,3820,516971.0,57985,FUTSTK,100,DIVISLAB22MARFUT
2022-03-08,DIXON,1865,246285.0,43422,FUTSTK,125,DIXON22APRFUT
2022-03-08,DIXON,1865,246285.0,43820,FUTSTK,125,DIXON22MAYFUT
2022-03-08,DIXON,1865,246285.0,57986,FUTSTK,125,DIXON22MARFUT
2022-03-08,DLF,11907,14973985.0,43423,FUTSTK,1650,DLF22APRFUT
2022-03-08,DLF,11907,14973985.0,43823,FUTSTK,1650,DLF22MAYFUT
2022-03-08,DLF,11907,14973985.0,57987,FUTSTK,1650,DLF22MARFUT
2022-03-08,DRREDDY,7169,896216.0,43431,FUTSTK,125,DRREDDY22APRFUT
2022-03-08,DRREDDY,7169,896216.0,43824,FUTSTK,125,DRREDDY22MAYFUT
2022-03-08,DRREDDY,7169,896216.0,57988,FUTSTK,125,DRREDDY22MARFUT
2022-03-08,EICHERMOT,3844,980600.0,43516,FUTSTK,350,EICHERMOT22APRFUT
2022-03-08,EICHERMOT,3844,980600.0,43827,FUTSTK,350,EICHERMOT22MAYFUT
2022-03-08,EICHERMOT,3844,980600.0,57989,FUTSTK,350,EICHERMOT22MARFUT
2022-03-08,ESCORTS,3519,1415394.0,43520,FUTSTK,550,ESCORTS22APRFUT
2022-03-08,ESCORTS,3519,1415394.0,43828,FUTSTK,550,ESCORTS22MAYFUT
2022-03-08,ESCORTS,3519,1415394.0,57990,FUTSTK,550,ESCORTS22MARFUT
2022-03-08,EXIDEIND,1029,3357257.0,43830,FUTSTK,3600,EXIDEIND22MAYFUT
2022-03-08,EXIDEIND,1029,3357257.0,43878,FUTSTK,3600,EXIDEIND22APRFUT
2022-03-08,EXIDEIND,1029,3357257.0,57991,FUTSTK,3600,EXIDEIND22MARFUT
2022-03-08,FEDERALBNK,3383,29757142.0,43831,FUTSTK,10000,FEDERALBNK22MAYFUT
2022-03-08,FEDERALBNK,3383,29757142.0,43880,FUTSTK,10000,FEDERALBNK22APRFUT
2022-03-08,FEDERALBNK,3383,29757142.0,57992,FUTSTK,10000,FEDERALBNK22MARFUT
2022-03-08,FSL,1081,3857657.0,43836,FUTSTK,2600,FSL22MAYFUT
2022-03-08,FSL,1081,3857657.0,44673,FUTSTK,2600,FSL22APRFUT
2022-03-08,FSL,1081,3857657.0,57993,FUTSTK,2600,FSL22MARFUT
2022-03-08,GAIL,2616,18014389.0,43837,FUTSTK,6100,GAIL22MAYFUT
2022-03-08,GAIL,2616,18014389.0,44674,FUTSTK,6100,GAIL22APRFUT
2022-03-08,GAIL,2616,18014389.0,57994,FUTSTK,6100,GAIL22MARFUT
2022-03-08,GLENMARK,966,1558968.0,43839,FUTSTK,1150,GLENMARK22MAYFUT
2022-03-08,GLENMARK,966,1558968.0,44675,FUTSTK,1150,GLENMARK22APRFUT
2022-03-08,GLENMARK,966,1558968.0,57995,FUTSTK,1150,GLENMARK22MARFUT
2022-03-08,GMRINFRA,1171,24730714.0,43840,FUTSTK,22500,GMRINFRA22MAYFUT
2022-03-08,GMRINFRA,1171,24730714.0,44677,FUTSTK,22500,GMRINFRA22APRFUT
2022-03-08,GMRINFRA,1171,24730714.0,57996,FUTSTK,22500,GMRINFRA22MARFUT
2022-03-08,GNFC,1568,3346737.0,43841,FUTSTK,1300,GNFC22MAYFUT
2022-03-08,GNFC,1568,3346737.0,44678,FUTSTK,1300,GNFC22APRFUT
2022-03-08,GNFC,1568,3346737.0,58000,FUTSTK,1300,GNFC22MARFUT
2022-03-08,GODREJCP,4034,1660615.0,43842,FUTSTK,500,GODREJCP22MAYFUT
2022-03-08,GODREJCP,4034,1660615.0,44681,FUTSTK,500,GODREJCP22APRFUT
2022-03-08,GODREJCP,4034,1660615.0,58001,FUTSTK,500,GODREJCP22MARFUT
2022-03-08,GODREJPROP,3742,1781371.0,43843,FUTSTK,325,GODREJPROP22MAYFUT
2022-03-08,GODREJPROP,3742,1781371.0,44868,FUTSTK,325,GODREJPROP22APRFUT
2022-03-08,GODREJPROP,3742,1781371.0,58002,FUTSTK,325,GODREJPROP22MARFUT
2022-03-08,GRANULES,917,1544021.0,44844,FUTSTK,1550,GRANULES22MAYFUT
2022-03-08,GRANULES,917,1544021.0,44869,FUTSTK,1550,GRANULES22APRFUT
2022-03-08,GRANULES,917,1544021.0,58003,FUTSTK,1550,GRANULES22MARFUT
2022-03-08,GRASIM,3156,1900542.0,44845,FUTSTK,475,GRASIM22MAYFUT
2022-03-08,GRASIM,3156,1900542.0,46506,FUTSTK,475,GRASIM22APRFUT
2022-03-08,GRASIM,3156,1900542.0,58004,FUTSTK,475,GRASIM22MARFUT
2022-03-08,GSPL,1480,1337475.0,44846,FUTSTK,1700,GSPL22MAYFUT
2022-03-08,GSPL,1480,1337475.0,46507,FUTSTK,1700,GSPL22APRFUT
2022-03-08,GSPL,1480,1337475.0,58005,FUTSTK,1700,GSPL22MARFUT
2022-03-08,GUJGASLTD,3941,1892638.0,44847,FUTSTK,1250,GUJGASLTD22MAYFUT
2022-03-08,GUJGASLTD,3941,1892638.0,46508,FUTSTK,1250,GUJGASLTD22APRFUT
2022-03-08,GUJGASLTD,3941,1892638.0,58006,FUTSTK,1250,GUJGASLTD22MARFUT
2022-03-08,HAL,1307,798407.0,45428,FUTSTK,475,HAL22MAYFUT
2022-03-08,HAL,1307,798407.0,46509,FUTSTK,475,HAL22APRFUT
2022-03-08,HAL,1307,798407.0,58007,FUTSTK,475,HAL22MARFUT
2022-03-08,HAVELLS,2706,1428019.0,45431,FUTSTK,500,HAVELLS22MAYFUT
2022-03-08,HAVELLS,2706,1428019.0,47012,FUTSTK,500,HAVELLS22APRFUT
2022-03-08,HAVELLS,2706,1428019.0,58008,FUTSTK,500,HAVELLS22MARFUT
2022-03-08,HCLTECH,5993,4596400.0,45434,FUTSTK,700,HCLTECH22MAYFUT
2022-03-08,HCLTECH,5993,4596400.0,47013,FUTSTK,700,HCLTECH22APRFUT
2022-03-08,HCLTECH,5993,4596400.0,58009,FUTSTK,700,HCLTECH22MARFUT
2022-03-08,HDFC,23791,4822971.0,45435,FUTSTK,300,HDFC22MAYFUT
2022-03-08,HDFC,23791,4822971.0,47432,FUTSTK,300,HDFC22APRFUT
2022-03-08,HDFC,23791,4822971.0,58010,FUTSTK,300,HDFC22MARFUT
2022-03-08,HDFCAMC,2881,533600.0,45681,FUTSTK,200,HDFCAMC22MAYFUT
2022-03-08,HDFCAMC,2881,533600.0,47433,FUTSTK,200,HDFCAMC22APRFUT
2022-03-08,HDFCAMC,2881,533600.0,58014,FUTSTK,200,HDFCAMC22MARFUT
2022-03-08,HDFCBANK,31785,14091530.0,45682,FUTSTK,550,HDFCBANK22MAYFUT
2022-03-08,HDFCBANK,31785,14091530.0,47632,FUTSTK,550,HDFCBANK22APRFUT
2022-03-08,HDFCBANK,31785,14091530.0,58015,FUTSTK,550,HDFCBANK22MARFUT
2022-03-08,HDFCLIFE,4401,5648683.0,45683,FUTSTK,1100,HDFCLIFE22MAYFUT
2022-03-08,HDFCLIFE,4401,5648683.0,47633,FUTSTK,1100,HDFCLIFE22APRFUT
2022-03-08,HDFCLIFE,4401,5648683.0,58016,FUTSTK,1100,HDFCLIFE22MARFUT
2022-03-08,HEROMOTOCO,4389,1294200.0,45684,FUTSTK,300,HEROMOTOCO22MAYFUT
2022-03-08,HEROMOTOCO,4389,1294200.0,48337,FUTSTK,300,HEROMOTOCO22APRFUT
2022-03-08,HEROMOTOCO,4389,1294200.0,58017,FUTSTK,300,HEROMOTOCO22MARFUT
2022-03-08,HINDALCO,24153,21096393.0,45685,FUTSTK,1075,HINDALCO22MAYFUT
2022-03-08,HINDALCO,24153,21096393.0,48338,FUTSTK,1075,HINDALCO22APRFUT
2022-03-08,HINDALCO,24153,21096393.0,58018,FUTSTK,1075,HINDALCO22MARFUT
2022-03-08,HINDCOPPER,3576,7646014.0,45686,FUTSTK,4300,HINDCOPPER22MAYFUT
2022-03-08,HINDCOPPER,3576,7646014.0,48339,FUTSTK,4300,HINDCOPPER22APRFUT
2022-03-08,HINDCOPPER,3576,7646014.0,58021,FUTSTK,4300,HINDCOPPER22MARFUT
2022-03-08,HINDPETRO,3837,7704682.0,45687,FUTSTK,2700,HINDPETRO22MAYFUT
2022-03-08,HINDPETRO,3837,7704682.0,48340,FUTSTK,2700,HINDPETRO22APRFUT
2022-03-08,HINDPETRO,3837,7704682.0,58022,FUTSTK,2700,HINDPETRO22MARFUT
2022-03-08,HINDUNILVR,8202,2576155.0,45688,FUTSTK,300,HINDUNILVR22MAYFUT
2022-03-08,HINDUNILVR,8202,2576155.0,48341,FUTSTK,300,HINDUNILVR22APRFUT
2022-03-08,HINDUNILVR,8202,2576155.0,58023,FUTSTK,300,HINDUNILVR22MARFUT
2022-03-08,HONAUT,157,3342.0,48342,FUTSTK,15,HONAUT22APRFUT
2022-03-08,HONAUT,157,3342.0,51591,FUTSTK,15,HONAUT22MAYFUT
2022-03-08,HONAUT,157,3342.0,58026,FUTSTK,15,HONAUT22MARFUT
2022-03-08,IBULHSGFIN,5197,11224870.0,48343,FUTSTK,3100,IBULHSGFIN22APRFUT
2022-03-08,IBULHSGFIN,5197,11224870.0,51592,FUTSTK,3100,IBULHSGFIN22MAYFUT
2022-03-08,IBULHSGFIN,5197,11224870.0,58027,FUTSTK,3100,IBULHSGFIN22MARFUT
2022-03-08,ICICIBANK,43047,38881660.0,48344,FUTSTK,1375,ICICIBANK22APRFUT
2022-03-08,ICICIBANK,43047,38881660.0,51593,FUTSTK,1375,ICICIBANK22MAYFUT
2022-03-08,ICICIBANK,43047,38881660.0,58028,FUTSTK,1375,ICICIBANK22MARFUT
2022-03-08,ICICIGI,2053,713745.0,48345,FUTSTK,425,ICICIGI22APRFUT
2022-03-08,ICICIGI,2053,713745.0,51594,FUTSTK,425,ICICIGI22MAYFUT
2022-03-08,ICICIGI,2053,713745.0,58039,FUTSTK,425,ICICIGI22MARFUT
2022-03-08,ICICIPRULI,3405,2004428.0,48346,FUTSTK,750,ICICIPRULI22APRFUT
2022-03-08,ICICIPRULI,3405,2004428.0,51595,FUTSTK,750,ICICIPRULI22MAYFUT
2022-03-08,ICICIPRULI,3405,2004428.0,58040,FUTSTK,750,ICICIPRULI22MARFUT
2022-03-08,IDEA,1754,229852000.0,48347,FUTSTK,70000,IDEA22APRFUT
2022-03-08,IDEA,1754,229852000.0,51596,FUTSTK,70000,IDEA22MAYFUT
2022-03-08,IDEA,1754,229852000.0,58041,FUTSTK,70000,IDEA22MARFUT
2022-03-08,IDFC,861,4195000.0,48348,FUTSTK,10000,IDFC22APRFUT
2022-03-08,IDFC,861,4195000.0,51597,FUTSTK,10000,IDFC22MAYFUT
2022-03-08,IDFC,861,4195000.0,58044,FUTSTK,10000,IDFC22MARFUT
2022-03-08,IDFCFIRSTB,2567,28737900.0,48349,FUTSTK,11100,IDFCFIRSTB22APRFUT
2022-03-08,IDFCFIRSTB,2567,28737900.0,51598,FUTSTK,11100,IDFCFIRSTB22MAYFUT
2022-03-08,IDFCFIRSTB,2567,28737900.0,58045,FUTSTK,11100,IDFCFIRSTB22MARFUT
2022-03-08,IEX,2913,11363035.0,48350,FUTSTK,3750,IEX22APRFUT
2022-03-08,IEX,2913,11363035.0,51599,FUTSTK,3750,IEX22MAYFUT
2022-03-08,IEX,2913,11363035.0,58046,FUTSTK,3750,IEX22MARFUT
2022-03-08,IGL,9573,3208562.0,48351,FUTSTK,1375,IGL22APRFUT
2022-03-08,IGL,9573,3208562.0,51601,FUTSTK,1375,IGL22MAYFUT
2022-03-08,IGL,9573,3208562.0,58047,FUTSTK,1375,IGL22MARFUT
2022-03-08,INDHOTEL,1546,8577202.0,48352,FUTSTK,4022,INDHOTEL22APRFUT
2022-03-08,INDHOTEL,1546,8577202.0,51602,FUTSTK,4022,INDHOTEL22MAYFUT
2022-03-08,INDHOTEL,1546,8577202.0,58048,FUTSTK,4022,INDHOTEL22MARFUT
2022-03-08,INDIACEM,1748,4751028.0,48353,FUTSTK,2900,INDIACEM22APRFUT
2022-03-08,INDIACEM,1748,4751028.0,51603,FUTSTK,2900,INDIACEM22MAYFUT
2022-03-08,INDIACEM,1748,4751028.0,58049,FUTSTK,2900,INDIACEM22MARFUT
2022-03-08,INDIAMART,1639,110657.0,48354,FUTSTK,75,INDIAMART22APRFUT
2022-03-08,INDIAMART,1639,110657.0,51604,FUTSTK,75,INDIAMART22MAYFUT
2022-03-08,INDIAMART,1639,110657.0,58050,FUTSTK,75,INDIAMART22MARFUT
2022-03-08,INDIGO,5613,1766656.0,48355,FUTSTK,250,INDIGO22APRFUT
2022-03-08,INDIGO,5613,1766656.0,51605,FUTSTK,250,INDIGO22MAYFUT
2022-03-08,INDIGO,5613,1766656.0,58051,FUTSTK,250,INDIGO22MARFUT
2022-03-08,INDUSINDBK,9313,7568742.0,48356,FUTSTK,900,INDUSINDBK22APRFUT
2022-03-08,INDUSINDBK,9313,7568742.0,51606,FUTSTK,900,INDUSINDBK22MAYFUT
2022-03-08,INDUSINDBK,9313,7568742.0,58052,FUTSTK,900,INDUSINDBK22MARFUT
2022-03-08,INDUSTOWER,1517,6530700.0,48357,FUTSTK,2800,INDUSTOWER22APRFUT
2022-03-08,INDUSTOWER,1517,6530700.0,51607,FUTSTK,2800,INDUSTOWER22MAYFUT
2022-03-08,INDUSTOWER,1517,6530700.0,58053,FUTSTK,2800,INDUSTOWER22MARFUT
2022-03-08,INFY,37142,9258257.0,48358,FUTSTK,300,INFY22APRFUT
2022-03-08,INFY,37142,9258257.0,51608,FUTSTK,300,INFY22MAYFUT
2022-03-08,INFY,37142,9258257.0,58054,FUTSTK,300,INFY22MARFUT
2022-03-08,INTELLECT,803,534840.0,48362,FUTSTK,750,INTELLECT22MARFUT
2022-03-08,INTELLECT,803,534840.0,48363,FUTSTK,750,INTELLECT22APRFUT
2022-03-08,INTELLECT,803,534840.0,51609,FUTSTK,750,INTELLECT22MAYFUT
2022-03-08,IOC,3544,20123071.0,48370,FUTSTK,6500,IOC22APRFUT
2022-03-08,IOC,3544,20123071.0,51610,FUTSTK,6500,IOC22MAYFUT
2022-03-08,IOC,3544,20123071.0,58055,FUTSTK,6500,IOC22MARFUT
2022-03-08,IPCALAB,1998,452635.0,48371,FUTSTK,450,IPCALAB22APRFUT
2022-03-08,IPCALAB,1998,452635.0,51611,FUTSTK,450,IPCALAB22MAYFUT
2022-03-08,IPCALAB,1998,452635.0,58056,FUTSTK,450,IPCALAB22MARFUT
2022-03-08,IRCTC,6208,6229750.0,48372,FUTSTK,875,IRCTC22APRFUT
2022-03-08,IRCTC,6208,6229750.0,51612,FUTSTK,875,IRCTC22MAYFUT
2022-03-08,IRCTC,6208,6229750.0,58057,FUTSTK,875,IRCTC22MARFUT
2022-03-08,ITC,10548,40379885.0,48373,FUTSTK,3200,ITC22APRFUT
2022-03-08,ITC,10548,40379885.0,51613,FUTSTK,3200,ITC22MAYFUT
2022-03-08,ITC,10548,40379885.0,58058,FUTSTK,3200,ITC22MARFUT
2022-03-08,JINDALSTEL,5677,18573750.0,48374,FUTSTK,2500,JINDALSTEL22APRFUT
2022-03-08,JINDALSTEL,5677,18573750.0,51614,FUTSTK,2500,JINDALSTEL22MAYFUT
2022-03-08,JINDALSTEL,5677,18573750.0,58059,FUTSTK,2500,JINDALSTEL22MARFUT
2022-03-08,JKCEMENT,2511,155550.0,48375,FUTSTK,175,JKCEMENT22APRFUT
2022-03-08,JKCEMENT,2511,155550.0,51616,FUTSTK,175,JKCEMENT22MAYFUT
2022-03-08,JKCEMENT,2511,155550.0,58060,FUTSTK,175,JKCEMENT22MARFUT
2022-03-08,JSWSTEEL,6997,11207892.0,48376,FUTSTK,1350,JSWSTEEL22APRFUT
2022-03-08,JSWSTEEL,6997,11207892.0,51617,FUTSTK,1350,JSWSTEEL22MAYFUT
2022-03-08,JSWSTEEL,6997,11207892.0,58061,FUTSTK,1350,JSWSTEEL22MARFUT
2022-03-08,JUBLFOOD,4488,546125.0,48377,FUTSTK,125,JUBLFOOD22APRFUT
2022-03-08,JUBLFOOD,4488,546125.0,51618,FUTSTK,125,JUBLFOOD22MAYFUT
2022-03-08,JUBLFOOD,4488,546125.0,58062,FUTSTK,125,JUBLFOOD22MARFUT
2022-03-08,KOTAKBANK,14864,4768685.0,48378,FUTSTK,400,KOTAKBANK22APRFUT
2022-03-08,KOTAKBANK,14864,4768685.0,51619,FUTSTK,400,KOTAKBANK22MAYFUT
2022-03-08,KOTAKBANK,14864,4768685.0,58063,FUTSTK,400,KOTAKBANK22MARFUT
2022-03-08,L&TFH,1564,15656520.0,48379,FUTSTK,8924,L&TFH22APRFUT
2022-03-08,L&TFH,1564,15656520.0,51620,FUTSTK,8924,L&TFH22MAYFUT
2022-03-08,L&TFH,1564,15656520.0,58064,FUTSTK,8924,L&TFH22MARFUT
2022-03-08,LALPATHLAB,2313,240589.0,48380,FUTSTK,125,LALPATHLAB22APRFUT
2022-03-08,LALPATHLAB,2313,240589.0,51621,FUTSTK,125,LALPATHLAB22MAYFUT
2022-03-08,LALPATHLAB,2313,240589.0,58065,FUTSTK,125,LALPATHLAB22MARFUT
2022-03-08,LAURUSLABS,1948,1332000.0,48383,FUTSTK,900,LAURUSLABS22APRFUT
2022-03-08,LAURUSLABS,1948,1332000.0,51622,FUTSTK,900,LAURUSLABS22MAYFUT
2022-03-08,LAURUSLABS,1948,1332000.0,58070,FUTSTK,900,LAURUSLABS22MARFUT
2022-03-08,LICHSGFIN,1891,5416571.0,48384,FUTSTK,2000,LICHSGFIN22APRFUT
2022-03-08,LICHSGFIN,1891,5416571.0,51623,FUTSTK,2000,LICHSGFIN22MAYFUT
2022-03-08,LICHSGFIN,1891,5416571.0,58071,FUTSTK,2000,LICHSGFIN22MARFUT
2022-03-08,LT,7359,3957971.0,48385,FUTSTK,575,LT22APRFUT
2022-03-08,LT,7359,3957971.0,51624,FUTSTK,575,LT22MAYFUT
2022-03-08,LT,7359,3957971.0,58072,FUTSTK,575,LT22MARFUT
2022-03-08,LTI,3137,354407.0,48386,FUTSTK,150,LTI22APRFUT
2022-03-08,LTI,3137,354407.0,51625,FUTSTK,150,LTI22MAYFUT
2022-03-08,LTI,3137,354407.0,58073,FUTSTK,150,LTI22MARFUT
2022-03-08,LTTS,3927,490370.0,48387,FUTSTK,200,LTTS22APRFUT
2022-03-08,LTTS,3927,490370.0,51626,FUTSTK,200,LTTS22MAYFUT
2022-03-08,LTTS,3927,490370.0,58074,FUTSTK,200,LTTS22MARFUT
2022-03-08,LUPIN,2087,1868057.0,48388,FUTSTK,850,LUPIN22APRFUT
2022-03-08,LUPIN,2087,1868057.0,51627,FUTSTK,850,LUPIN22MAYFUT
2022-03-08,LUPIN,2087,1868057.0,58075,FUTSTK,850,LUPIN22MARFUT
2022-03-08,M&M,5858,4224700.0,48389,FUTSTK,700,M&M22APRFUT
2022-03-08,M&M,5858,4224700.0,51628,FUTSTK,700,M&M22MAYFUT
2022-03-08,M&M,5858,4224700.0,58076,FUTSTK,700,M&M22MARFUT
2022-03-08,M&MFIN,3058,9682285.0,48390,FUTSTK,4000,M&MFIN22APRFUT
2022-03-08,M&MFIN,3058,9682285.0,51629,FUTSTK,4000,M&MFIN22MAYFUT
2022-03-08,M&MFIN,3058,9682285.0,58077,FUTSTK,4000,M&MFIN22MARFUT
2022-03-08,MANAPPURAM,3082,6753857.0,48391,FUTSTK,3000,MANAPPURAM22APRFUT
2022-03-08,MANAPPURAM,3082,6753857.0,51630,FUTSTK,3000,MANAPPURAM22MAYFUT
2022-03-08,MANAPPURAM,3082,6753857.0,58078,FUTSTK,3000,MANAPPURAM22MARFUT
2022-03-08,MARICO,1393,1680714.0,48395,FUTSTK,1000,MARICO22APRFUT
2022-03-08,MARICO,1393,1680714.0,51631,FUTSTK,1000,MARICO22MAYFUT
2022-03-08,MARICO,1393,1680714.0,58079,FUTSTK,1000,MARICO22MARFUT
2022-03-08,MARUTI,22295,1501967.0,48397,FUTSTK,100,MARUTI22APRFUT
2022-03-08,MARUTI,22295,1501967.0,51632,FUTSTK,100,MARUTI22MAYFUT
2022-03-08,MARUTI,22295,1501967.0,58080,FUTSTK,100,MARUTI22MARFUT
2022-03-08,MCDOWELL-N,2807,4370500.0,48398,FUTSTK,1250,MCDOWELL-N22APRFUT
2022-03-08,MCDOWELL-N,2807,4370500.0,51633,FUTSTK,1250,MCDOWELL-N22MAYFUT
2022-03-08,MCDOWELL-N,2807,4370500.0,58081,FUTSTK,1250,MCDOWELL-N22MARFUT
2022-03-08,MCX,2893,903450.0,48399,FUTSTK,350,MCX22APRFUT
2022-03-08,MCX,2893,903450.0,51634,FUTSTK,350,MCX22MAYFUT
2022-03-08,MCX,2893,903450.0,58082,FUTSTK,350,MCX22MARFUT
2022-03-08,METROPOLIS,979,304228.0,48400,FUTSTK,200,METROPOLIS22APRFUT
2022-03-08,METROPOLIS,979,304228.0,51635,FUTSTK,200,METROPOLIS22MAYFUT
2022-03-08,METROPOLIS,979,304228.0,58083,FUTSTK,200,METROPOLIS22MARFUT
2022-03-08,MFSL,631,897731.0,48401,FUTSTK,650,MFSL22APRFUT
2022-03-08,MFSL,631,897731.0,51636,FUTSTK,650,MFSL22MAYFUT
2022-03-08,MFSL,631,897731.0,58084,FUTSTK,650,MFSL22MARFUT
2022-03-08,MGL,4085,1021200.0,48402,FUTSTK,600,MGL22APRFUT
2022-03-08,MGL,4085,1021200.0,51637,FUTSTK,600,MGL22MAYFUT
2022-03-08,MGL,4085,1021200.0,58085,FUTSTK,600,MGL22MARFUT
2022-03-08,MIDCPNIFTY,3,993.0,35450,FUTIDX,75,MIDCPNIFTY22315FUT
2022-03-08,MIDCPNIFTY,3,993.0,35457,FUTIDX,75,MIDCPNIFTY22322FUT
2022-03-08,MIDCPNIFTY,3,993.0,35458,FUTIDX,75,MIDCPNIFTY22MARFUT
2022-03-08,MIDCPNIFTY,3,993.0,37316,FUTIDX,75,MIDCPNIFTY22405FUT
2022-03-08,MIDCPNIFTY,3,993.0,38603,FUTIDX,75,MIDCPNIFTY22502FUT
2022-03-08,MIDCPNIFTY,3,993.0,43069,FUTIDX,75,MIDCPNIFTY22412FUT
2022-03-08,MIDCPNIFTY,3,993.0,48689,FUTIDX,75,MIDCPNIFTY22419FUT
2022-03-08,MIDCPNIFTY,3,993.0,50196,FUTIDX,75,MIDCPNIFTY22MAYFUT
2022-03-08,MIDCPNIFTY,3,993.0,52437,FUTIDX,75,MIDCPNIFTY22510FUT
2022-03-08,MIDCPNIFTY,3,993.0,75988,FUTIDX,75,MIDCPNIFTY22APRFUT
2022-03-08,MINDTREE,5947,840000.0,48403,FUTSTK,200,MINDTREE22APRFUT
2022-03-08,MINDTREE,5947,840000.0,51638,FUTSTK,200,MINDTREE22MAYFUT
2022-03-08,MINDTREE,5947,840000.0,58086,FUTSTK,200,MINDTREE22MARFUT
2022-03-08,MOTHERSUMI,5815,8921360.0,48404,FUTSTK,3500,MOTHERSUMI22APRFUT
2022-03-08,MOTHERSUMI,5815,8921360.0,51639,FUTSTK,3500,MOTHERSUMI22MAYFUT
2022-03-08,MOTHERSUMI,5815,8921360.0,58087,FUTSTK,3500,MOTHERSUMI22MARFUT
2022-03-08,MPHASIS,2455,424550.0,48405,FUTSTK,175,MPHASIS22APRFUT
2022-03-08,MPHASIS,2455,424550.0,51640,FUTSTK,175,MPHASIS22MAYFUT
2022-03-08,MPHASIS,2455,424550.0,58088,FUTSTK,175,MPHASIS22MARFUT
2022-03-08,MRF,1649,18530.0,48406,FUTSTK,10,MRF22APRFUT
2022-03-08,MRF,1649,18530.0,51641,FUTSTK,10,MRF22MAYFUT
2022-03-08,MRF,1649,18530.0,58089,FUTSTK,10,MRF22MARFUT
2022-03-08,MUTHOOTFIN,1675,903321.0,48407,FUTSTK,375,MUTHOOTFIN22APRFUT
2022-03-08,MUTHOOTFIN,1675,903321.0,51642,FUTSTK,375,MUTHOOTFIN22MAYFUT
2022-03-08,MUTHOOTFIN,1675,903321.0,58090,FUTSTK,375,MUTHOOTFIN22MARFUT
2022-03-08,NAM-INDIA,466,1112228.0,48412,FUTSTK,1600,NAM-INDIA22APRFUT
2022-03-08,NAM-INDIA,466,1112228.0,51643,FUTSTK,1600,NAM-INDIA22MAYFUT
2022-03-08,NAM-INDIA,466,1112228.0,58091,FUTSTK,1600,NAM-INDIA22MARFUT
2022-03-08,NATIONALUM,5809,47707464.0,48413,FUTSTK,8500,NATIONALUM22APRFUT
2022-03-08,NATIONALUM,5809,47707464.0,51644,FUTSTK,8500,NATIONALUM22MAYFUT
2022-03-08,NATIONALUM,5809,47707464.0,58092,FUTSTK,8500,NATIONALUM22MARFUT
2022-03-08,NAUKRI,2275,375285.0,48414,FUTSTK,125,NAUKRI22APRFUT
2022-03-08,NAUKRI,2275,375285.0,51645,FUTSTK,125,NAUKRI22MAYFUT
2022-03-08,NAUKRI,2275,375285.0,58093,FUTSTK,125,NAUKRI22MARFUT
2022-03-08,NAVINFLUOR,2105,315562.0,48415,FUTSTK,225,NAVINFLUOR22APRFUT
2022-03-08,NAVINFLUOR,2105,315562.0,51646,FUTSTK,225,NAVINFLUOR22MAYFUT
2022-03-08,NAVINFLUOR,2105,315562.0,58094,FUTSTK,225,NAVINFLUOR22MARFUT
2022-03-08,NBCC,316,6977142.0,48416,FUTSTK,12000,NBCC22APRFUT
2022-03-08,NBCC,316,6977142.0,51647,FUTSTK,12000,NBCC22MAYFUT
2022-03-08,NBCC,316,6977142.0,58097,FUTSTK,12000,NBCC22MARFUT
2022-03-08,NESTLEIND,2979,79622.0,48418,FUTSTK,25,NESTLEIND22APRFUT
2022-03-08,NESTLEIND,2979,79622.0,51648,FUTSTK,25,NESTLEIND22MAYFUT
2022-03-08,NESTLEIND,2979,79622.0,58098,FUTSTK,25,NESTLEIND22MARFUT
2022-03-08,NMDC,4285,24388000.0,48419,FUTSTK,6700,NMDC22APRFUT
2022-03-08,NMDC,4285,24388000.0,51650,FUTSTK,6700,NMDC22MAYFUT
2022-03-08,NMDC,4285,24388000.0,58099,FUTSTK,6700,NMDC22MARFUT
2022-03-08,NTPC,5200,19178871.0,48561,FUTSTK,5700,NTPC22APRFUT
2022-03-08,NTPC,5200,19178871.0,51651,FUTSTK,5700,NTPC22MAYFUT
2022-03-08,NTPC,5200,19178871.0,58100,FUTSTK,5700,NTPC22MARFUT
2022-03-08,OBEROIRLTY,1261,737300.0,48564,FUTSTK,700,OBEROIRLTY22APRFUT
2022-03-08,OBEROIRLTY,1261,737300.0,51652,FUTSTK,700,OBEROIRLTY22MAYFUT
2022-03-08,OBEROIRLTY,1261,737300.0,58101,FUTSTK,700,OBEROIRLTY22MARFUT
2022-03-08,OFSS,734,77839.0,49743,FUTSTK,125,OFSS22APRFUT
2022-03-08,OFSS,734,77839.0,51653,FUTSTK,125,OFSS22MAYFUT
2022-03-08,OFSS,734,77839.0,58102,FUTSTK,125,OFSS22MARFUT
2022-03-08,ONGC,6003,29453875.0,49744,FUTSTK,7700,ONGC22APRFUT
2022-03-08,ONGC,6003,29453875.0,51654,FUTSTK,7700,ONGC22MAYFUT
2022-03-08,ONGC,6003,29453875.0,58103,FUTSTK,7700,ONGC22MARFUT
2022-03-08,PAGEIND,1180,32280.0,49745,FUTSTK,30,PAGEIND22APRFUT
2022-03-08,PAGEIND,1180,32280.0,51655,FUTSTK,30,PAGEIND22MAYFUT
2022-03-08,PAGEIND,1180,32280.0,58104,FUTSTK,30,PAGEIND22MARFUT
2022-03-08,PEL,2162,748982.0,49748,FUTSTK,275,PEL22APRFUT
2022-03-08,PEL,2162,748982.0,51656,FUTSTK,275,PEL22MAYFUT
2022-03-08,PEL,2162,748982.0,58105,FUTSTK,275,PEL22MARFUT
2022-03-08,PERSISTENT,1383,211714.0,49749,FUTSTK,150,PERSISTENT22APRFUT
2022-03-08,PERSISTENT,1383,211714.0,51657,FUTSTK,150,PERSISTENT22MAYFUT
2022-03-08,PERSISTENT,1383,211714.0,58106,FUTSTK,150,PERSISTENT22MARFUT
2022-03-08,PETRONET,1359,4147714.0,49750,FUTSTK,3000,PETRONET22APRFUT
2022-03-08,PETRONET,1359,4147714.0,51658,FUTSTK,3000,PETRONET22MAYFUT
2022-03-08,PETRONET,1359,4147714.0,58107,FUTSTK,3000,PETRONET22MARFUT
2022-03-08,PFC,1423,9441714.0,49751,FUTSTK,6200,PFC22APRFUT
2022-03-08,PFC,1423,9441714.0,51659,FUTSTK,6200,PFC22MAYFUT
2022-03-08,PFC,1423,9441714.0,58108,FUTSTK,6200,PFC22MARFUT
2022-03-08,PFIZER,284,43642.0,49752,FUTSTK,125,PFIZER22APRFUT
2022-03-08,PFIZER,284,43642.0,58109,FUTSTK,125,PFIZER22MARFUT
2022-03-08,PIDILITIND,3066,852814.0,51661,FUTSTK,250,PIDILITIND22MAYFUT
2022-03-08,PIDILITIND,3066,852814.0,54643,FUTSTK,250,PIDILITIND22APRFUT
2022-03-08,PIDILITIND,3066,852814.0,58110,FUTSTK,250,PIDILITIND22MARFUT
2022-03-08,PIIND,570,187285.0,51662,FUTSTK,250,PIIND22MAYFUT
2022-03-08,PIIND,570,187285.0,54644,FUTSTK,250,PIIND22APRFUT
2022-03-08,PIIND,570,187285.0,58111,FUTSTK,250,PIIND22MARFUT
2022-03-08,PNB,3118,66873142.0,51663,FUTSTK,16000,PNB22MAYFUT
2022-03-08,PNB,3118,66873142.0,54645,FUTSTK,16000,PNB22APRFUT
2022-03-08,PNB,3118,66873142.0,58112,FUTSTK,16000,PNB22MARFUT
2022-03-08,POLYCAB,1329,415387.0,51664,FUTSTK,300,POLYCAB22MAYFUT
2022-03-08,POLYCAB,1329,415387.0,54646,FUTSTK,300,POLYCAB22APRFUT
2022-03-08,POLYCAB,1329,415387.0,58113,FUTSTK,300,POLYCAB22MARFUT
2022-03-08,POWERGRID,4620,15205765.0,51665,FUTSTK,5333,POWERGRID22MAYFUT
2022-03-08,POWERGRID,4620,15205765.0,54647,FUTSTK,5333,POWERGRID22APRFUT
2022-03-08,POWERGRID,4620,15205765.0,58114,FUTSTK,5333,POWERGRID22MARFUT
2022-03-08,PVR,3831,1453457.0,51666,FUTSTK,407,PVR22MAYFUT
2022-03-08,PVR,3831,1453457.0,54648,FUTSTK,407,PVR22APRFUT
2022-03-08,PVR,3831,1453457.0,58115,FUTSTK,407,PVR22MARFUT
2022-03-08,RAIN,634,2660416.0,51667,FUTSTK,2500,RAIN22MAYFUT
2022-03-08,RAIN,634,2660416.0,54649,FUTSTK,2500,RAIN22APRFUT
2022-03-08,RAIN,634,2660416.0,58118,FUTSTK,2500,RAIN22MARFUT
2022-03-08,RAMCOCEM,915,1090811.0,51668,FUTSTK,850,RAMCOCEM22MAYFUT
2022-03-08,RAMCOCEM,915,1090811.0,54650,FUTSTK,850,RAMCOCEM22APRFUT
2022-03-08,RAMCOCEM,915,1090811.0,58119,FUTSTK,850,RAMCOCEM22MARFUT
2022-03-08,RBLBANK,4955,15275542.0,51669,FUTSTK,2900,RBLBANK22MAYFUT
2022-03-08,RBLBANK,4955,15275542.0,54651,FUTSTK,2900,RBLBANK22APRFUT
2022-03-08,RBLBANK,4955,15275542.0,58120,FUTSTK,2900,RBLBANK22MARFUT
2022-03-08,RECLTD,1242,7490571.0,51670,FUTSTK,6000,RECLTD22MAYFUT
2022-03-08,RECLTD,1242,7490571.0,54652,FUTSTK,6000,RECLTD22APRFUT
2022-03-08,RECLTD,1242,7490571.0,58121,FUTSTK,6000,RECLTD22MARFUT
2022-03-08,RELIANCE,42243,8448321.0,51671,FUTSTK,250,RELIANCE22MAYFUT
2022-03-08,RELIANCE,42243,8448321.0,58122,FUTSTK,250,RELIANCE22MARFUT
2022-03-08,RELIANCE,42243,8448321.0,66602,FUTSTK,250,RELIANCE22APRFUT
2022-03-08,SAIL,7377,41462750.0,51672,FUTSTK,4750,SAIL22MAYFUT
2022-03-08,SAIL,7377,41462750.0,58123,FUTSTK,4750,SAIL22MARFUT
2022-03-08,SAIL,7377,41462750.0,66621,FUTSTK,4750,SAIL22APRFUT
2022-03-08,SBICARD,2474,800857.0,51673,FUTSTK,500,SBICARD22MAYFUT
2022-03-08,SBICARD,2474,800857.0,58124,FUTSTK,500,SBICARD22MARFUT
2022-03-08,SBICARD,2474,800857.0,66622,FUTSTK,500,SBICARD22APRFUT
2022-03-08,SBILIFE,2408,2201678.0,51674,FUTSTK,750,SBILIFE22MAYFUT
2022-03-08,SBILIFE,2408,2201678.0,58125,FUTSTK,750,SBILIFE22MARFUT
2022-03-08,SBILIFE,2408,2201678.0,66623,FUTSTK,750,SBILIFE22APRFUT
2022-03-08,SBIN,26743,28129285.0,51675,FUTSTK,1500,SBIN22MAYFUT
2022-03-08,SBIN,26743,28129285.0,58126,FUTSTK,1500,SBIN22MARFUT
2022-03-08,SBIN,26743,28129285.0,66624,FUTSTK,1500,SBIN22APRFUT
2022-03-08,SHREECEM,2891,56652.0,51676,FUTSTK,25,SHREECEM22MAYFUT
2022-03-08,SHREECEM,2891,56652.0,58127,FUTSTK,25,SHREECEM22MARFUT
2022-03-08,SHREECEM,2891,56652.0,66627,FUTSTK,25,SHREECEM22APRFUT
2022-03-08,SIEMENS,1450,337660.0,51677,FUTSTK,275,SIEMENS22MAYFUT
2022-03-08,SIEMENS,1450,337660.0,58128,FUTSTK,275,SIEMENS22MARFUT
2022-03-08,SIEMENS,1450,337660.0,66628,FUTSTK,275,SIEMENS22APRFUT
2022-03-08,SRF,2470,980089.0,51678,FUTSTK,375,SRF22MAYFUT
2022-03-08,SRF,2470,980089.0,58129,FUTSTK,375,SRF22MARFUT
2022-03-08,SRF,2470,980089.0,66631,FUTSTK,375,SRF22APRFUT
2022-03-08,SRTRANSFIN,4604,549950.0,51679,FUTSTK,400,SRTRANSFIN22MAYFUT
2022-03-08,SRTRANSFIN,4604,549950.0,58130,FUTSTK,400,SRTRANSFIN22MARFUT
2022-03-08,SRTRANSFIN,4604,549950.0,66644,FUTSTK,400,SRTRANSFIN22APRFUT
2022-03-08,STAR,700,882900.0,51680,FUTSTK,900,STAR22MAYFUT
2022-03-08,STAR,700,882900.0,58131,FUTSTK,900,STAR22MARFUT
2022-03-08,STAR,700,882900.0,66645,FUTSTK,900,STAR22APRFUT
2022-03-08,SUNPHARMA,8803,4476800.0,51681,FUTSTK,700,SUNPHARMA22MAYFUT
2022-03-08,SUNPHARMA,8803,4476800.0,58132,FUTSTK,700,SUNPHARMA22MARFUT
2022-03-08,SUNPHARMA,8803,4476800.0,66646,FUTSTK,700,SUNPHARMA22APRFUT
2022-03-08,SUNTV,1601,1939500.0,51682,FUTSTK,1500,SUNTV22MAYFUT
2022-03-08,SUNTV,1601,1939500.0,58133,FUTSTK,1500,SUNTV22MARFUT
2022-03-08,SUNTV,1601,1939500.0,66647,FUTSTK,1500,SUNTV22APRFUT
2022-03-08,SYNGENE,537,435442.0,51683,FUTSTK,850,SYNGENE22MAYFUT
2022-03-08,SYNGENE,537,435442.0,58134,FUTSTK,850,SYNGENE22MARFUT
2022-03-08,SYNGENE,537,435442.0,66665,FUTSTK,850,SYNGENE22APRFUT
2022-03-08,TATACHEM,2638,3449142.0,51684,FUTSTK,1000,TATACHEM22MAYFUT
2022-03-08,TATACHEM,2638,3449142.0,58135,FUTSTK,1000,TATACHEM22MARFUT
2022-03-08,TATACHEM,2638,3449142.0,66666,FUTSTK,1000,TATACHEM22APRFUT
2022-03-08,TATACOMM,535,316628.0,51687,FUTSTK,400,TATACOMM22MAYFUT
2022-03-08,TATACOMM,535,316628.0,58138,FUTSTK,400,TATACOMM22MARFUT
2022-03-08,TATACOMM,535,316628.0,66667,FUTSTK,400,TATACOMM22APRFUT
2022-03-08,TATACONSUM,3737,2101371.0,51688,FUTSTK,675,TATACONSUM22MAYFUT
2022-03-08,TATACONSUM,3737,2101371.0,58139,FUTSTK,675,TATACONSUM22MARFUT
2022-03-08,TATACONSUM,3737,2101371.0,66668,FUTSTK,675,TATACONSUM22APRFUT
2022-03-08,TATAMOTORS,22200,49881921.0,51689,FUTSTK,2850,TATAMOTORS22MAYFUT
2022-03-08,TATAMOTORS,22200,49881921.0,58140,FUTSTK,2850,TATAMOTORS22MARFUT
2022-03-08,TATAMOTORS,22200,49881921.0,66669,FUTSTK,2850,TATAMOTORS22APRFUT
2022-03-08,TATAPOWER,8884,47105357.0,51690,FUTSTK,6750,TATAPOWER22MAYFUT
2022-03-08,TATAPOWER,8884,47105357.0,58141,FUTSTK,6750,TATAPOWER22MARFUT
2022-03-08,TATAPOWER,8884,47105357.0,66670,FUTSTK,6750,TATAPOWER22APRFUT
2022-03-08,TATASTEEL,29454,18859741.0,51691,FUTSTK,425,TATASTEEL22MAYFUT
2022-03-08,TATASTEEL,29454,18859741.0,58142,FUTSTK,425,TATASTEEL22MARFUT
2022-03-08,TATASTEEL,29454,18859741.0,66671,FUTSTK,425,TATASTEEL22APRFUT
2022-03-08,TCS,25117,2762657.0,51694,FUTSTK,150,TCS22MAYFUT
2022-03-08,TCS,25117,2762657.0,58143,FUTSTK,150,TCS22MARFUT
2022-03-08,TCS,25117,2762657.0,66672,FUTSTK,150,TCS22APRFUT
2022-03-08,TECHM,5604,3811885.0,51695,FUTSTK,600,TECHM22MAYFUT
2022-03-08,TECHM,5604,3811885.0,58144,FUTSTK,600,TECHM22MARFUT
2022-03-08,TECHM,5604,3811885.0,66673,FUTSTK,600,TECHM22APRFUT
2022-03-08,TITAN,5714,2484964.0,51696,FUTSTK,375,TITAN22MAYFUT
2022-03-08,TITAN,5714,2484964.0,58145,FUTSTK,375,TITAN22MARFUT
2022-03-08,TITAN,5714,2484964.0,66674,FUTSTK,375,TITAN22APRFUT
2022-03-08,TORNTPHARM,941,203678.0,51697,FUTSTK,250,TORNTPHARM22MAYFUT
2022-03-08,TORNTPHARM,941,203678.0,58146,FUTSTK,250,TORNTPHARM22MARFUT
2022-03-08,TORNTPHARM,941,203678.0,66675,FUTSTK,250,TORNTPHARM22APRFUT
2022-03-08,TORNTPOWER,978,888214.0,51698,FUTSTK,1500,TORNTPOWER22MAYFUT
2022-03-08,TORNTPOWER,978,888214.0,58147,FUTSTK,1500,TORNTPOWER22MARFUT
2022-03-08,TORNTPOWER,978,888214.0,66710,FUTSTK,1500,TORNTPOWER22APRFUT
2022-03-08,TRENT,653,1000276.0,51699,FUTSTK,725,TRENT22MAYFUT
2022-03-08,TRENT,653,1000276.0,58148,FUTSTK,725,TRENT22MARFUT
2022-03-08,TRENT,653,1000276.0,66711,FUTSTK,725,TRENT22APRFUT
2022-03-08,TVSMOTOR,2741,4015400.0,51700,FUTSTK,1400,TVSMOTOR22MAYFUT
2022-03-08,TVSMOTOR,2741,4015400.0,58149,FUTSTK,1400,TVSMOTOR22MARFUT
2022-03-08,TVSMOTOR,2741,4015400.0,66712,FUTSTK,1400,TVSMOTOR22APRFUT
2022-03-08,UBL,1489,613287.0,51701,FUTSTK,350,UBL22MAYFUT
2022-03-08,UBL,1489,613287.0,58150,FUTSTK,350,UBL22MARFUT
2022-03-08,UBL,1489,613287.0,66713,FUTSTK,350,UBL22APRFUT
2022-03-08,ULTRACEMCO,11208,735757.0,51702,FUTSTK,100,ULTRACEMCO22MAYFUT
2022-03-08,ULTRACEMCO,11208,735757.0,58151,FUTSTK,100,ULTRACEMCO22MARFUT
2022-03-08,ULTRACEMCO,11208,735757.0,66714,FUTSTK,100,ULTRACEMCO22APRFUT
2022-03-08,UPL,4621,8705185.0,51703,FUTSTK,1300,UPL22MAYFUT
2022-03-08,UPL,4621,8705185.0,58152,FUTSTK,1300,UPL22MARFUT
2022-03-08,UPL,4621,8705185.0,66715,FUTSTK,1300,UPL22APRFUT
2022-03-08,VEDL,11326,38161106.0,51708,FUTSTK,3100,VEDL22MAYFUT
2022-03-08,VEDL,11326,38161106.0,58153,FUTSTK,3100,VEDL22MARFUT
2022-03-08,VEDL,11326,38161106.0,66716,FUTSTK,3100,VEDL22APRFUT
2022-03-08,VOLTAS,4482,2092125.0,51709,FUTSTK,500,VOLTAS22MAYFUT
2022-03-08,VOLTAS,4482,2092125.0,58154,FUTSTK,500,VOLTAS22MARFUT
2022-03-08,VOLTAS,4482,2092125.0,66717,FUTSTK,500,VOLTAS22APRFUT
2022-03-08,WHIRLPOOL,811,185250.0,51710,FUTSTK,250,WHIRLPOOL22MAYFUT
2022-03-08,WHIRLPOOL,811,185250.0,58155,FUTSTK,250,WHIRLPOOL22MARFUT
2022-03-08,WHIRLPOOL,811,185250.0,66718,FUTSTK,250,WHIRLPOOL22APRFUT
2022-03-08,WIPRO,14568,10770285.0,51711,FUTSTK,800,WIPRO22MAYFUT
2022-03-08,WIPRO,14568,10770285.0,58156,FUTSTK,800,WIPRO22MARFUT
2022-03-08,WIPRO,14568,10770285.0,66719,FUTSTK,800,WIPRO22APRFUT
2022-03-08,ZEEL,5226,18324600.0,51712,FUTSTK,3000,ZEEL22MAYFUT
2022-03-08,ZEEL,5226,18324600.0,58157,FUTSTK,3000,ZEEL22MARFUT
2022-03-08,ZEEL,5226,18324600.0,66720,FUTSTK,3000,ZEEL22APRFUT
2022-03-08,ZYDUSLIFE,1167,1338150.0,38300,FUTSTK,1100,ZYDUSLIFE22APRFUT
2022-03-08,ZYDUSLIFE,1167,1338150.0,43770,FUTSTK,1100,ZYDUSLIFE22MAYFUT
2022-03-08,ZYDUSLIFE,1167,1338150.0,57962,FUTSTK,1100,ZYDUSLIFE22MARFUT
